statecd,name,nytID,state,district
AL4,Robert Aderholt,A000055,AL,4
MI3,Justin Amash,A000367,MI,3
NV2,Mark Amodei,A000369,NV,2
NC12,Alma Adams,A000370,NC,12
CA31,Pete Aguilar,A000371,CA,31
GA12,Rick Allen,A000372,GA,12
NE2,Brad Ashford,A000373,NE,2
LA5,Ralph Abraham,A000374,LA,5
TX6,Joe Barton,B000213,TX,6
CA34,Xavier Becerra,B000287,CA,34
GA2,Sanford Bishop Jr.,B000490,GA,2
OR3,Earl Blumenauer,B000574,OR,3
OH8,John Boehner,B000589,OH,8
TX8,Kevin Brady,B000755,TX,8
FL5,Corrine Brown,B000911,FL,5
PA1,Robert Brady,B001227,PA,1
TN7,Marsha Blackburn,B001243,TN,7
GU79,Madeleine Bordallo,B001245,GU,79
TX26,Michael Burgess,B001248,TX,26
UT1,Rob Bishop,B001250,UT,1
NC1,G. Butterfield,B001251,NC,1
LA3,Charles Boustany Jr.,B001255,LA,3
FL12,Gus Bilirakis,B001257,FL,12
FL16,Vern Buchanan,B001260,FL,16
PA11,Lou Barletta,B001269,PA,11
CA37,Karen Bass,B001270,CA,37
MI1,Dan Benishek,B001271,MI,1
TN6,Diane Black,B001273,TN,6
AL5,Mo Brooks,B001274,AL,5
IN8,Larry Bucshon,B001275,IN,8
OR1,Suzanne Bonamici,B001278,OR,1
OH3,Joyce Beatty,B001281,OH,3
KY6,Andy Barr,B001282,KY,6
OK1,Jim Bridenstine,B001283,OK,1
IN5,Susan Brooks,B001284,IN,5
CA26,Julia Brownley,B001285,CA,26
IL17,Cheri Bustos,B001286,IL,17
CA7,Ami Bera,B001287,CA,7
AL1,Bradley Byrne,B001289,AL,1
VA7,David Brat,B001290,VA,7
TX36,Brian Babin,B001291,TX,36
VA8,Donald Beyer,B001292,VA,8
MI8,Mike Bishop,B001293,MI,8
IA1,Rod Blum,B001294,IA,1
IL12,Mike Bost,B001295,IL,12
PA13,Brendan Boyle,B001296,PA,13
CO4,Ken Buck,B001297,CO,4
CA42,Ken Calvert,C000059,CA,42
OH1,Steven Chabot,C000266,OH,1
VI79,Donna Christensen,C000380,VI,79
SC6,James Clyburn,C000537,SC,6
MI13,John Conyers Jr.,C000714,MI,13
TN5,Jim Cooper,C000754,TN,5
MD7,Elijah Cummings,C000984,MD,7
CA24,Lois Capps,C001036,CA,24
MA7,Michael Capuano,C001037,MA,7
NY14,Joseph Crowley,C001038,NY,14
FL4,Ander Crenshaw,C001045,FL,4
TX7,John Culberson,C001048,TX,7
MO1,William Clay,C001049,MO,1
TX31,John Carter,C001051,TX,31
OK4,Tom Cole,C001053,OK,4
CA16,Jim Costa,C001059,CA,16
MO5,Emanuel Cleaver II,C001061,MO,5
TX11,K. Conaway,C001062,TX,11
TX28,Henry Cuellar,C001063,TX,28
FL14,Kathy Castor,C001066,FL,14
NY9,Yvette Clarke,C001067,NY,9
TN9,Steve Cohen,C001068,TN,9
CT2,Joe Courtney,C001069,CT,2
IN7,André Carson,C001072,IN,7
UT3,Jason Chaffetz,C001076,UT,3
CO6,Mike Coffman,C001077,CO,6
VA11,Gerald Connolly,C001078,VA,11
CA27,Judy Chu,C001080,CA,27
DE1,John Carney,C001083,DE,1
RI1,David Cicilline,C001084,RI,1
AR1,Rick Crawford,C001087,AR,1
PA17,Matt Cartwright,C001090,PA,17
TX20,Joaquin Castro,C001091,TX,20
NY27,Chris Collins,C001092,NY,27
GA9,Doug Collins,C001093,GA,9
CA8,Paul Cook,C001094,CA,8
ND1,Kevin Cramer,C001096,ND,1
CA29,Tony Cardenas,C001097,CA,29
MA5,Katherine Clark,C001101,MA,5
FL19,Curt Clawson,C001102,FL,19
GA1,Buddy Carter,C001103,GA,1
VA10,Barbara Comstock,C001105,VA,10
PA6,Ryan Costello,C001106,PA,6
FL26,Carlos Curbelo,C001107,FL,26
IL7,Danny Davis,D000096,IL,7
OR4,Peter DeFazio,D000191,OR,4
CO1,Diana DeGette,D000197,CO,1
CT3,Rosa DeLauro,D000216,CT,3
TX35,Lloyd Doggett,D000399,TX,35
PA14,Mike Doyle,D000482,PA,14
TN2,John Duncan Jr.,D000533,TN,2
CA53,Susan Davis,D000598,CA,53
FL25,Mario Diaz-Balart,D000600,FL,25
PA15,Charlie Dent,D000604,PA,15
FL21,Ted Deutch,D000610,FL,21
CA10,Jeffrey Denham,D000612,CA,10
IL10,Robert Dold,D000613,IL,10
WI7,Sean Duffy,D000614,WI,7
SC3,Jeffrey Duncan,D000615,SC,3
TN4,Scott DesJarlais,D000616,TN,4
WA1,Suzan DelBene,D000617,WA,1
IL13,Rodney Davis,D000619,IL,13
MD6,John Delaney,D000620,MD,6
FL6,Ron DeSantis,D000621,FL,6
IL8,Tammy Duckworth,D000622,IL,8
CA11,Mark DeSaulnier,D000623,CA,11
MI12,Debbie Dingell,D000624,MI,12
NY11,Daniel Donovan,D000625,NY,11
NY16,Eliot Engel,E000179,NY,16
CA18,Anna Eshoo,E000215,CA,18
MN5,Keith Ellison,E000288,MN,5
MD4,Donna Edwards,E000290,MD,4
NC2,Renee Ellmers,E000291,NC,2
CT5,Elizabeth Esty,E000293,CT,5
MN6,Tom Emmer,E000294,MN,6
CA20,Sam Farr,F000030,CA,20
PA2,Chaka Fattah,F000043,PA,2
NJ11,Rodney Frelinghuysen,F000372,NJ,11
VA4,J. Forbes,F000445,VA,4
AZ8,Trent Franks,F000448,AZ,8
NE1,Jeff Fortenberry,F000449,NE,1
NC5,Virginia Foxx,F000450,NC,5
PA8,Michael Fitzpatrick,F000451,PA,8
IL11,Bill Foster,F000454,IL,11
OH11,Marcia Fudge,F000455,OH,11
LA4,John Fleming,F000456,LA,4
TN8,Stephen Fincher,F000458,TN,8
TN3,Chuck Fleischmann,F000459,TN,3
TX27,Blake Farenthold,F000460,TX,27
TX17,Bill Flores,F000461,TX,17
FL22,Lois Frankel,F000462,FL,22
VA6,Robert Goodlatte,G000289,VA,6
TX12,Kay Granger,G000377,TX,12
TX29,Gene Green,G000410,TX,29
IL4,Luis Gutierrez,G000535,IL,4
MO6,Sam Graves,G000546,MO,6
NJ5,Scott Garrett,G000548,NJ,5
AZ3,Raúl Grijalva,G000551,AZ,3
TX1,Louie Gohmert,G000552,TX,1
TX9,Al Green,G000553,TX,9
FL9,Alan Grayson,G000556,FL,9
KY2,Brett Guthrie,G000558,KY,2
CA3,John Garamendi,G000559,CA,3
GA14,Tom Graves,G000560,GA,14
OH7,Bob Gibbs,G000563,OH,7
NY19,Chris Gibson,G000564,NY,19
AZ4,Paul Gosar,G000565,AZ,4
SC4,Trey Gowdy,G000566,SC,4
VA9,Morgan Griffith,G000568,VA,9
NY11,Mike Grimm,G000569,NY,11
NH1,Frank Guinta,G000570,NH,1
HI2,Tulsi Gabbard,G000571,HI,2
AZ7,Ruben Gallego,G000574,AZ,7
FL2,Gwen Graham,G000575,FL,2
WI6,Glenn Grothman,G000576,WI,6
LA6,Garret Graves,G000577,LA,6
FL20,Alcee Hastings,H000324,FL,20
TX15,Rubén Hinojosa,H000636,TX,15
MD5,Steny Hoyer,H000874,MD,5
CA17,Michael Honda,H001034,CA,17
TX5,Jeb Hensarling,H001036,TX,5
NY26,Brian Higgins,H001038,NY,26
MS3,Gregg Harper,H001045,MS,3
CT4,Jim Himes,H001047,CT,4
CA50,Duncan Hunter,H001048,CA,50
NY22,Richard Hanna,H001051,NY,22
MD1,Andy Harris,H001052,MD,1
MO4,Vicky Hartzler,H001053,MO,4
NV3,Joe Heck,H001055,NV,3
WA3,Jaime Herrera Beutler,H001056,WA,3
KS1,Tim Huelskamp,H001057,KS,1
MI2,Bill Huizenga,H001058,MI,2
IL14,Randy Hultgren,H001059,IL,14
VA5,Robert Hurt,H001060,VA,5
CA44,Janice Hahn,H001063,CA,44
WA10,Denny Heck,H001064,WA,10
NC13,George Holding,H001065,NC,13
NC8,Richard Hudson,H001067,NC,8
CA2,Jared Huffman,H001068,CA,2
NV4,Cresent Hardy,H001070,NV,4
GA10,Jody Hice,H001071,GA,10
AR2,French Hill,H001072,AR,2
TX23,Will Hurd,H001073,TX,23
CA49,Darrell Issa,I000056,CA,49
NY3,Steve Israel,I000057,NY,3
TX18,Sheila Jackson-Lee,J000032,TX,18
TX30,Eddie Johnson,J000126,TX,30
TX3,Sam Johnson,J000174,TX,3
NC3,Walter Jones,J000255,NC,3
GA4,Hank Johnson,J000288,GA,4
OH4,Jim Jordan,J000289,OH,4
KS2,Lynn Jenkins,J000290,KS,2
OH6,Bill Johnson,J000292,OH,6
NY8,Hakeem Jeffries,J000294,NY,8
OH14,Dave Joyce,J000295,OH,14
FL13,David Jolly,J000296,FL,13
WV3,Evan Jenkins,J000297,WV,3
OH9,Marcy Kaptur,K000009,OH,9
WI3,Ron Kind,K000188,WI,3
NY2,Peter King,K000210,NY,2
IA4,Steve King,K000362,IA,4
MN2,John Kline,K000363,MN,2
AZ1,Ann Kirkpatrick,K000368,AZ,1
MA9,Bill Keating,K000375,MA,9
PA3,Mike Kelly,K000376,PA,3
IL16,Adam Kinzinger,K000378,IL,16
MA4,Joseph Kennedy III,K000379,MA,4
MI5,Dan Kildee,K000380,MI,5
WA6,Derek Kilmer,K000381,WA,6
NH2,Ann Kuster,K000382,NH,2
IL2,Robin Kelly,K000385,IL,2
NY24,John Katko,K000386,NY,24
CA25,Steve Knight,K000387,CA,25
MS1,Trent Kelly,K000388,MS,1
MI9,Sander Levin,L000263,MI,9
GA5,John Lewis,L000287,GA,5
CA19,Zoe Lofgren,L000397,CA,19
NY17,Nita Lowey,L000480,NY,17
OK3,Frank Lucas,L000491,OK,3
CA13,Barbara Lee,L000551,CA,13
NJ2,Frank LoBiondo,L000554,NJ,2
CT1,John Larson,L000557,CT,1
RI2,Jim Langevin,L000559,RI,2
WA2,Rick Larsen,L000560,WA,2
MA8,Stephen Lynch,L000562,MA,8
IL3,Daniel Lipinski,L000563,IL,3
CO5,Doug Lamborn,L000564,CO,5
IA2,Dave Loebsack,L000565,IA,2
OH5,Robert Latta,L000566,OH,5
NJ7,Leonard Lance,L000567,NJ,7
MO3,Blaine Luetkemeyer,L000569,MO,3
NM3,Ben Lujan,L000570,NM,3
WY1,Cynthia Lummis,L000571,WY,1
ID1,Raul Labrador,L000573,ID,1
MO7,Billy Long,L000576,MO,7
CA1,Doug LaMalfa,L000578,CA,1
CA47,Alan Lowenthal,L000579,CA,47
NM1,Michelle Lujan Grisham,L000580,NM,1
MI14,Brenda Lawrence,L000581,MI,14
CA33,Ted Lieu,L000582,CA,33
GA11,Barry Loudermilk,L000583,GA,11
UT4,Mia Love,L000584,UT,4
NY12,Carolyn Maloney,M000087,NY,12
MA2,Jim McGovern,M000312,MA,2
WA7,Jim McDermott,M000404,WA,7
FL7,John Mica,M000689,FL,7
NY5,Gregory Meeks,M001137,NY,5
MN4,Betty McCollum,M001143,MN,4
FL1,Jeff Miller,M001144,FL,1
MI10,Candice Miller,M001150,MI,10
PA18,Tim Murphy,M001151,PA,18
NC10,Patrick McHenry,M001156,NC,10
TX10,Michael McCaul,M001157,TX,10
TX24,Kenny Marchant,M001158,TX,24
WA5,Cathy McMorris Rodgers,M001159,WA,5
WI4,Gwen Moore,M001160,WI,4
CA6,Doris Matsui,M001163,CA,6
CA23,Kevin McCarthy,M001165,CA,23
CA9,Jerry McNerney,M001166,CA,9
CA4,Tom McClintock,M001177,CA,4
PA10,Tom Marino,M001179,PA,10
WV1,David McKinley,M001180,WV,1
PA7,Pat Meehan,M001181,PA,7
SC5,Mick Mulvaney,M001182,SC,5
KY4,Thomas Massie,M001184,KY,4
NY18,Sean Maloney,M001185,NY,18
NC11,Mark Meadows,M001187,NC,11
NY6,Grace Meng,M001188,NY,6
IN6,Luke Messer,M001189,IN,6
OK2,Markwayne Mullin,M001190,OK,2
FL18,Patrick Murphy,M001191,FL,18
NJ3,Tom MacArthur,M001193,NJ,3
MI4,John Moolenaar,M001194,MI,4
WV2,Alex Mooney,M001195,WV,2
MA6,Seth Moulton,M001196,MA,6
AZ2,Martha McSally,M001197,AZ,2
NY10,Jerrold Nadler,N000002,NY,10
MA1,Richard Neal,N000015,MA,1
MN8,Rick Nolan,N000127,MN,8
DC79,Eleanor Norton,N000147,DC,79
CA32,Grace Napolitano,N000179,CA,32
CA22,Devin Nunes,N000181,CA,22
TX19,Randy Neugebauer,N000182,TX,19
SD1,Kristi Noem,N000184,SD,1
FL11,Richard Nugent,N000185,FL,11
MS1,Alan Nunnelee,N000186,MS,1
NJ1,Donald Norcross,N000188,NJ,1
WA4,Dan Newhouse,N000189,WA,4
TX22,Pete Olson,O000168,TX,22
TX16,Beto O&#x27;Rourke,O000170,TX,16
NJ6,Frank Pallone,P000034,NJ,6
NJ9,Bill Pascrell Jr.,P000096,NJ,9
CA12,Nancy Pelosi,P000197,CA,12
MN7,Collin Peterson,P000258,MN,7
PA16,Joe Pitts,P000373,PA,16
NC4,David Price,P000523,NC,4
NM2,Steve Pearce,P000588,NM,2
GA6,Tom Price,P000591,GA,6
TX2,Ted Poe,P000592,TX,2
CO7,Ed Perlmutter,P000593,CO,7
MN3,Erik Paulsen,P000594,MN,3
PR80,Pedro Pierluisi,P000596,PR,80
ME1,Chellie Pingree,P000597,ME,1
CO2,Jared Polis,P000598,CO,2
FL8,Bill Posey,P000599,FL,8
MS4,Steven Palazzo,P000601,MS,4
KS4,Mike Pompeo,P000602,KS,4
NJ10,Donald Payne Jr.,P000604,NJ,10
PA4,Scott Perry,P000605,PA,4
NC9,Robert Pittenger,P000606,NC,9
WI2,Mark Pocan,P000607,WI,2
CA52,Scott Peters,P000608,CA,52
AL6,Gary Palmer,P000609,AL,6
VI79,Stacey Plaskett,P000610,VI,79
ME2,Bruce Poliquin,P000611,ME,2
IL5,Mike Quigley,Q000023,IL,5
NY13,Charles Rangel,R000053,NY,13
KY5,Harold Rogers,R000395,KY,5
CA48,Dana Rohrabacher,R000409,CA,48
FL27,Ileana Ros-Lehtinen,R000435,FL,27
CA40,Lucille Roybal-Allard,R000486,CA,40
CA39,Ed Royce,R000487,CA,39
IL1,Bobby Rush,R000515,IL,1
WI1,Paul Ryan,R000570,WI,1
AL3,Mike Rogers,R000575,AL,3
MD2,C.A. Dutch Ruppersberger,R000576,MD,2
OH13,Tim Ryan,R000577,OH,13
WA8,Dave Reichert,R000578,WA,8
IL6,Peter Roskam,R000580,IL,6
TN1,Phil Roe,R000582,TN,1
FL17,Tom Rooney,R000583,FL,17
NY23,Tom Reed,R000585,NY,23
OH16,Jim Renacci,R000586,OH,16
WI8,Reid Ribble,R000587,WI,8
LA2,Cedric Richmond,R000588,LA,2
VA2,Scott Rigell,R000589,VA,2
AL2,Martha Roby,R000591,AL,2
IN4,Todd Rokita,R000592,IN,4
FL15,Dennis Ross,R000593,FL,15
SC7,Tom Rice,R000597,SC,7
PA12,Keith Rothfus,R000598,PA,12
CA36,Raul Ruiz,R000599,CA,36
AS79,Amata Radewagen,R000600,AS,79
TX4,John Ratcliffe,R000601,TX,4
NY4,Kathleen Rice,R000602,NY,4
NC7,David Rouzer,R000603,NC,7
OK5,Steve Russell,R000604,OK,5
AZ5,Matt Salmon,S000018,AZ,5
CA46,Loretta Sanchez,S000030,CA,46
SC1,Mark Sanford,S000051,SC,1
VA3,Robert Scott,S000185,VA,3
WI5,F. Sensenbrenner,S000244,WI,5
NY15,José Serrano,S000248,NY,15
TX32,Pete Sessions,S000250,TX,32
CA30,Brad Sherman,S000344,CA,30
IL15,John Shimkus,S000364,IL,15
NY25,Louise Slaughter,S000480,NY,25
WA9,Adam Smith,S000510,WA,9
NJ4,Christopher Smith,S000522,NJ,4
TX21,Lamar Smith,S000583,TX,21
IL9,Jan Schakowsky,S001145,IL,9
ID2,Mike Simpson,S001148,ID,2
CA28,Adam Schiff,S001150,CA,28
PA9,Bill Shuster,S001154,PA,9
CA38,Linda Sanchez,S001156,CA,38
GA13,David Scott,S001157,GA,13
NJ8,Albio Sires,S001165,NJ,8
MD3,John Sarbanes,S001168,MD,3
NE3,Adrian Smith,S001172,NE,3
CA14,Jackie Speier,S001175,CA,14
LA1,Steve Scalise,S001176,LA,1
MP79,Gregorio &#x27;Kilili&#x27; Sablan,S001177,MP,79
IL18,Aaron Schock,S001179,IL,18
OR5,Kurt Schrader,S001180,OR,5
AZ6,David Schweikert,S001183,AZ,6
AL7,Terri Sewell,S001185,AL,7
OH15,Steve Stivers,S001187,OH,15
IN3,Marlin Stutzman,S001188,IN,3
GA8,Austin Scott,S001189,GA,8
AZ9,Kyrsten Sinema,S001191,AZ,9
UT2,Chris Stewart,S001192,UT,2
CA15,Eric Swalwell,S001193,CA,15
MO8,Jason Smith,S001195,MO,8
NY21,Elise Stefanik,S001196,NY,21
MS2,Bennie Thompson,T000193,MS,2
TX13,William Thornberry,T000238,TX,13
CA5,Mike Thompson,T000460,CA,5
OH12,Pat Tiberi,T000462,OH,12
OH10,Michael Turner,T000463,OH,10
MA3,Niki Tsongas,T000465,MA,3
PA5,Glenn Thompson,T000467,PA,5
NV1,Dina Titus,T000468,NV,1
NY20,Paul Tonko,T000469,NY,20
CO3,Scott Tipton,T000470,CO,3
CA41,Mark Takano,T000472,CA,41
HI1,Mark Takai,T000473,HI,1
CA35,Norma Torres,T000474,CA,35
MI11,Dave Trott,T000475,MI,11
MI6,Fred Upton,U000031,MI,6
NY7,Nydia Velázquez,V000081,NY,7
IN1,Peter Visclosky,V000108,IN,1
MD8,Chris Van Hollen,V000128,MD,8
CA21,David Valadao,V000129,CA,21
CA51,Juan Vargas,V000130,CA,51
TX33,Marc Veasey,V000131,TX,33
TX34,Filemon Vela,V000132,TX,34
CA43,Maxine Waters,W000187,CA,43
KY1,Edward Whitfield,W000413,KY,1
OR2,Greg Walden,W000791,OR,2
SC2,Joe Wilson,W000795,SC,2
GA3,Lynn Westmoreland,W000796,GA,3
FL23,Debbie Wasserman Schultz,W000797,FL,23
MI7,Tim Walberg,W000798,MI,7
MN1,Tim Walz,W000799,MN,1
VT1,Peter Welch,W000800,VT,1
VA1,Robert Wittman,W000804,VA,1
FL10,Daniel Webster,W000806,FL,10
FL24,Frederica Wilson,W000808,FL,24
AR3,Steve Womack,W000809,AR,3
GA7,Rob Woodall,W000810,GA,7
MO2,Ann Wagner,W000812,MO,2
IN2,Jackie Walorski,W000813,IN,2
TX14,Randy Weber,W000814,TX,14
OH2,Brad Wenstrup,W000815,OH,2
TX25,Roger Williams,W000816,TX,25
NC6,Mark Walker,W000819,NC,6
CA45,Mimi Walters,W000820,CA,45
AR4,Bruce Westerman,W000821,AR,4
NJ12,Bonnie Watson Coleman,W000822,NJ,12
AK1,Don Young,Y000033,AK,1
KY3,John Yarmuth,Y000062,KY,3
KS3,Kevin Yoder,Y000063,KS,3
IN9,Todd Young,Y000064,IN,9
FL3,Ted Yoho,Y000065,FL,3
IA3,David Young,Y000066,IA,3
NY1,Lee Zeldin,Z000017,NY,1
MT1,Ryan Zinke,Z000018,MT,1